Prediction_Horizon,Method,Experiment_Name,Repetition,beta,gamma,lambda_S,lambda_I,lambda_R,mu_S,mu_I,mu_R,epsilon
1,AutoDiff,EpidemioInformed_PredHor-1_AutoDiff_GAT_SimpleTrain_Dataset-Hug_25.02.2026_200326_0,0,tensor(0.4195),tensor(0.2620),tensor(0.0494),tensor(0.0064),tensor(0.0062),tensor(0.0453),tensor(0.1141),tensor(0.0281),tensor(0.0065)
1,AutoDiff,EpidemioInformed_PredHor-1_AutoDiff_GAT_SimpleTrain_Dataset-Hug_25.02.2026_200326_0,1,tensor(0.6465),tensor(0.2917),tensor(0.0416),tensor(0.0063),tensor(0.0063),tensor(0.0371),tensor(0.1139),tensor(0.0297),tensor(0.0064)
1,AutoDiff,EpidemioInformed_PredHor-1_AutoDiff_GAT_SimpleTrain_Dataset-Hug_25.02.2026_200326_0,2,tensor(0.4085),tensor(0.3563),tensor(0.0495),tensor(0.0064),tensor(0.0063),tensor(0.0450),tensor(0.1128),tensor(0.0307),tensor(0.0065)
1,AutoDiff,EpidemioInformed_PredHor-1_AutoDiff_GAT_SimpleTrain_Dataset-Hug_25.02.2026_200326_0,3,tensor(0.6414),tensor(0.2702),tensor(0.0433),tensor(0.0064),tensor(0.0063),tensor(0.0396),tensor(0.1128),tensor(0.0293),tensor(0.0064)
1,AutoDiff,EpidemioInformed_PredHor-1_AutoDiff_GAT_SimpleTrain_Dataset-Hug_25.02.2026_200326_0,4,tensor(0.4756),tensor(0.3183),tensor(0.0486),tensor(0.0064),tensor(0.0063),tensor(0.0451),tensor(0.1138),tensor(0.0290),tensor(0.0065)
1,AutoDiff,EpidemioInformed_PredHor-1_AutoDiff_GAT_SimpleTrain_Dataset-Hug_25.02.2026_200326_0,5,tensor(0.5611),tensor(0.3057),tensor(0.0440),tensor(0.0064),tensor(0.0063),tensor(0.0406),tensor(0.1138),tensor(0.0299),tensor(0.0065)
1,AutoDiff,EpidemioInformed_PredHor-1_AutoDiff_GAT_SimpleTrain_Dataset-Hug_25.02.2026_200326_0,6,tensor(0.5318),tensor(0.3310),tensor(0.0471),tensor(0.0064),tensor(0.0063),tensor(0.0431),tensor(0.1139),tensor(0.0301),tensor(0.0065)
1,AutoDiff,EpidemioInformed_PredHor-1_AutoDiff_GAT_SimpleTrain_Dataset-Hug_25.02.2026_200326_0,7,tensor(0.4886),tensor(0.3304),tensor(0.0452),tensor(0.0064),tensor(0.0063),tensor(0.0415),tensor(0.1132),tensor(0.0299),tensor(0.0064)
1,AutoDiff,EpidemioInformed_PredHor-1_AutoDiff_GAT_SimpleTrain_Dataset-Hug_25.02.2026_200326_0,8,tensor(0.5251),tensor(0.3219),tensor(0.0476),tensor(0.0064),tensor(0.0062),tensor(0.0431),tensor(0.1131),tensor(0.0290),tensor(0.0065)
1,AutoDiff,EpidemioInformed_PredHor-1_AutoDiff_GAT_SimpleTrain_Dataset-Hug_25.02.2026_200326_0,9,tensor(0.4155),tensor(0.3504),tensor(0.0485),tensor(0.0064),tensor(0.0063),tensor(0.0441),tensor(0.1131),tensor(0.0306),tensor(0.0064)
1,AutoDiff,EpidemioInformed_PredHor-1_AutoDiff_GraphSage_SimpleTrain_Dataset-Hug_24.02.2026_194350_0,0,tensor(0.0334),tensor(0.1207),tensor(0.2202),tensor(0.0040),tensor(0.0107),tensor(0.2163),tensor(0.0604),tensor(0.0405),tensor(0.0014)
1,AutoDiff,EpidemioInformed_PredHor-1_AutoDiff_GraphSage_SimpleTrain_Dataset-Hug_24.02.2026_194350_0,1,tensor(0.5746),tensor(1.7292),tensor(0.4096),tensor(0.0022),tensor(0.0100),tensor(0.4061),tensor(1.2372),tensor(0.4377),tensor(0.0036)
1,AutoDiff,EpidemioInformed_PredHor-1_AutoDiff_GraphSage_SimpleTrain_Dataset-Hug_24.02.2026_194350_0,2,tensor(0.0046),tensor(0.0062),tensor(0.3656),tensor(0.0027),tensor(0.0090),tensor(0.3484),tensor(0.0032),tensor(0.0029),tensor(0.0158)
1,AutoDiff,EpidemioInformed_PredHor-1_AutoDiff_GraphSage_SimpleTrain_Dataset-Hug_24.02.2026_194350_0,3,tensor(0.0957),tensor(0.3363),tensor(0.1114),tensor(0.0025),tensor(0.0107),tensor(0.1137),tensor(0.1575),tensor(0.0927),tensor(0.0025)
1,AutoDiff,EpidemioInformed_PredHor-1_AutoDiff_GraphSage_SimpleTrain_Dataset-Hug_24.02.2026_194350_0,4,tensor(0.4416),tensor(0.5589),tensor(0.4230),tensor(0.0038),tensor(0.0089),tensor(0.1446),tensor(1.7828),tensor(0.1479),tensor(0.0036)
1,AutoDiff,EpidemioInformed_PredHor-1_AutoDiff_GraphSage_SimpleTrain_Dataset-Hug_24.02.2026_194350_0,5,tensor(0.5687),tensor(0.9004),tensor(0.2262),tensor(0.0036),tensor(0.0158),tensor(0.2241),tensor(2.1207),tensor(0.2550),tensor(0.0037)
1,AutoDiff,EpidemioInformed_PredHor-1_AutoDiff_GraphSage_SimpleTrain_Dataset-Hug_24.02.2026_194350_0,6,tensor(0.1726),tensor(0.6870),tensor(0.1943),tensor(0.0014),tensor(0.0131),tensor(0.1929),tensor(0.2678),tensor(0.1608),tensor(0.0022)
1,AutoDiff,EpidemioInformed_PredHor-1_AutoDiff_GraphSage_SimpleTrain_Dataset-Hug_24.02.2026_194350_0,7,tensor(0.3031),tensor(0.8728),tensor(0.3402),tensor(0.0048),tensor(0.0127),tensor(0.3321),tensor(0.6628),tensor(0.2227),tensor(0.0100)
1,AutoDiff,EpidemioInformed_PredHor-1_AutoDiff_GraphSage_SimpleTrain_Dataset-Hug_24.02.2026_194350_0,8,tensor(0.3325),tensor(0.8338),tensor(0.1659),tensor(0.0015),tensor(0.0086),tensor(0.1610),tensor(0.9025),tensor(0.2155),tensor(0.0017)
1,AutoDiff,EpidemioInformed_PredHor-1_AutoDiff_GraphSage_SimpleTrain_Dataset-Hug_24.02.2026_194350_0,9,tensor(0.1333),tensor(0.4711),tensor(0.1920),tensor(0.0028),tensor(0.0063),tensor(0.1903),tensor(0.2460),tensor(0.1187),tensor(0.0023)
1,AutoDiff,EpidemioInformed_PredHor-1_AutoDiff_STM_SimpleTrain_Dataset-Hug_28.02.2026_080227_0,0,tensor(0.4974),tensor(0.6945),tensor(0.4084),tensor(0.0331),tensor(0.0051),tensor(0.3772),tensor(0.7016),tensor(0.0077),tensor(0.0337)
1,AutoDiff,EpidemioInformed_PredHor-1_AutoDiff_STM_SimpleTrain_Dataset-Hug_28.02.2026_080227_0,1,tensor(0.4844),tensor(0.9840),tensor(0.4530),tensor(0.0340),tensor(0.0049),tensor(0.1975),tensor(0.6952),tensor(0.0088),tensor(0.0310)
1,AutoDiff,EpidemioInformed_PredHor-1_AutoDiff_STM_SimpleTrain_Dataset-Hug_28.02.2026_080227_0,2,tensor(0.4843),tensor(0.8015),tensor(0.2860),tensor(0.0339),tensor(0.0045),tensor(0.2104),tensor(0.6986),tensor(0.0061),tensor(0.0334)
1,AutoDiff,EpidemioInformed_PredHor-1_AutoDiff_STM_SimpleTrain_Dataset-Hug_28.02.2026_080227_0,3,tensor(0.4512),tensor(0.3138),tensor(0.2549),tensor(0.0308),tensor(0.0044),tensor(0.4288),tensor(0.7110),tensor(0.0184),tensor(0.0384)
1,AutoDiff,EpidemioInformed_PredHor-1_AutoDiff_STM_SimpleTrain_Dataset-Hug_28.02.2026_080227_0,4,tensor(0.5015),tensor(0.9000),tensor(0.3673),tensor(0.0353),tensor(0.0044),tensor(0.3344),tensor(0.6972),tensor(0.0115),tensor(0.0349)
1,AutoDiff,EpidemioInformed_PredHor-1_AutoDiff_STM_SimpleTrain_Dataset-Hug_28.02.2026_080227_0,5,tensor(0.5120),tensor(0.4574),tensor(0.1189),tensor(0.0292),tensor(0.0038),tensor(0.5803),tensor(0.7091),tensor(0.0064),tensor(0.0648)
1,AutoDiff,EpidemioInformed_PredHor-1_AutoDiff_STM_SimpleTrain_Dataset-Hug_28.02.2026_080227_0,6,tensor(0.4996),tensor(0.4775),tensor(0.2696),tensor(0.0299),tensor(0.0045),tensor(0.3202),tensor(0.7115),tensor(0.0098),tensor(0.0339)
1,AutoDiff,EpidemioInformed_PredHor-1_AutoDiff_STM_SimpleTrain_Dataset-Hug_28.02.2026_080227_0,7,tensor(0.4614),tensor(0.5393),tensor(0.6120),tensor(0.0363),tensor(0.0041),tensor(0.1373),tensor(0.7053),tensor(0.0149),tensor(0.0214)
1,AutoDiff,EpidemioInformed_PredHor-1_AutoDiff_STM_SimpleTrain_Dataset-Hug_28.02.2026_080227_0,8,tensor(0.4462),tensor(0.4488),tensor(0.6497),tensor(0.0348),tensor(0.0037),tensor(0.1629),tensor(0.6997),tensor(0.0135),tensor(0.0251)
1,AutoDiff,EpidemioInformed_PredHor-1_AutoDiff_STM_SimpleTrain_Dataset-Hug_28.02.2026_080227_0,9,tensor(0.5403),tensor(0.9038),tensor(0.1083),tensor(0.0235),tensor(0.0047),tensor(0.5979),tensor(0.6964),tensor(0.0073),tensor(0.0581)
1,AutoDiff,EpidemioInformed_PredHor-1_AutoDiff_TGN_SimpleTrain_Dataset-Hug_26.02.2026_121203_0,0,tensor(0.0846),tensor(1.0432),tensor(0.1576),tensor(0.0059),tensor(0.0065),tensor(0.1545),tensor(0.5851),tensor(0.2583),tensor(0.0057)
1,AutoDiff,EpidemioInformed_PredHor-1_AutoDiff_TGN_SimpleTrain_Dataset-Hug_26.02.2026_121203_0,1,tensor(0.1686),tensor(1.0320),tensor(0.3381),tensor(0.0062),tensor(0.0073),tensor(0.3349),tensor(0.5772),tensor(0.2534),tensor(0.0049)
1,AutoDiff,EpidemioInformed_PredHor-1_AutoDiff_TGN_SimpleTrain_Dataset-Hug_26.02.2026_121203_0,2,tensor(0.1902),tensor(0.9950),tensor(0.4281),tensor(0.0048),tensor(0.0080),tensor(0.3780),tensor(0.6036),tensor(0.2475),tensor(0.0060)
1,AutoDiff,EpidemioInformed_PredHor-1_AutoDiff_TGN_SimpleTrain_Dataset-Hug_26.02.2026_121203_0,3,tensor(0.1596),tensor(1.0426),tensor(0.3163),tensor(0.0051),tensor(0.0074),tensor(0.3119),tensor(0.5774),tensor(0.2596),tensor(0.0052)
1,AutoDiff,EpidemioInformed_PredHor-1_AutoDiff_TGN_SimpleTrain_Dataset-Hug_26.02.2026_121203_0,4,tensor(0.1596),tensor(1.0374),tensor(0.3199),tensor(0.0077),tensor(0.0160),tensor(0.3143),tensor(0.5740),tensor(0.2588),tensor(0.0047)
1,AutoDiff,EpidemioInformed_PredHor-1_AutoDiff_TGN_SimpleTrain_Dataset-Hug_26.02.2026_121203_0,5,tensor(0.1663),tensor(1.0332),tensor(0.3358),tensor(0.0050),tensor(0.0067),tensor(0.3291),tensor(0.5707),tensor(0.2474),tensor(0.0060)
1,AutoDiff,EpidemioInformed_PredHor-1_AutoDiff_TGN_SimpleTrain_Dataset-Hug_26.02.2026_121203_0,6,tensor(0.1840),tensor(0.8841),tensor(0.4170),tensor(0.0049),tensor(0.0119),tensor(0.3606),tensor(0.5415),tensor(0.2218),tensor(0.0058)
1,AutoDiff,EpidemioInformed_PredHor-1_AutoDiff_TGN_SimpleTrain_Dataset-Hug_26.02.2026_121203_0,7,tensor(0.2034),tensor(1.0333),tensor(0.4336),tensor(0.0083),tensor(0.0082),tensor(0.4262),tensor(0.5814),tensor(0.2510),tensor(0.0063)
1,AutoDiff,EpidemioInformed_PredHor-1_AutoDiff_TGN_SimpleTrain_Dataset-Hug_26.02.2026_121203_0,8,tensor(0.1996),tensor(0.8524),tensor(0.4494),tensor(0.0070),tensor(0.0073),tensor(0.4366),tensor(0.5353),tensor(0.2110),tensor(0.0086)
1,AutoDiff,EpidemioInformed_PredHor-1_AutoDiff_TGN_SimpleTrain_Dataset-Hug_26.02.2026_121203_0,9,tensor(0.1751),tensor(0.7011),tensor(0.3881),tensor(0.0050),tensor(0.0083),tensor(0.3774),tensor(0.5173),tensor(0.1773),tensor(0.0058)
1,ODE-NSP,EpidemioInformed_PredHor-1_ODE-NSP_GAT_SimpleTrain_Dataset-Hug_25.02.2026_231903_0,0,tensor(0.0280),tensor(0.0174),tensor(0.0168),tensor(0.0065),tensor(0.0049),tensor(0.0252),tensor(0.0250),tensor(0.0211),tensor(0.0024)
1,ODE-NSP,EpidemioInformed_PredHor-1_ODE-NSP_GAT_SimpleTrain_Dataset-Hug_25.02.2026_231903_0,1,tensor(0.0265),tensor(0.0206),tensor(0.0168),tensor(0.0043),tensor(0.0035),tensor(0.0223),tensor(0.0204),tensor(0.0186),tensor(0.0053)
1,ODE-NSP,EpidemioInformed_PredHor-1_ODE-NSP_GAT_SimpleTrain_Dataset-Hug_25.02.2026_231903_0,2,tensor(0.0276),tensor(0.0179),tensor(0.0183),tensor(0.0046),tensor(0.0052),tensor(0.0255),tensor(0.0224),tensor(0.0220),tensor(0.0039)
1,ODE-NSP,EpidemioInformed_PredHor-1_ODE-NSP_GAT_SimpleTrain_Dataset-Hug_25.02.2026_231903_0,3,tensor(0.0279),tensor(0.0210),tensor(0.0178),tensor(0.0049),tensor(0.0026),tensor(0.0242),tensor(0.0209),tensor(0.0185),tensor(0.0043)
1,ODE-NSP,EpidemioInformed_PredHor-1_ODE-NSP_GAT_SimpleTrain_Dataset-Hug_25.02.2026_231903_0,4,tensor(0.0275),tensor(0.0193),tensor(0.0176),tensor(0.0051),tensor(0.0038),tensor(0.0246),tensor(0.0222),tensor(0.0193),tensor(0.0037)
1,ODE-NSP,EpidemioInformed_PredHor-1_ODE-NSP_GAT_SimpleTrain_Dataset-Hug_25.02.2026_231903_0,5,tensor(0.0266),tensor(0.0203),tensor(0.0165),tensor(0.0058),tensor(0.0038),tensor(0.0238),tensor(0.0217),tensor(0.0206),tensor(0.0036)
1,ODE-NSP,EpidemioInformed_PredHor-1_ODE-NSP_GAT_SimpleTrain_Dataset-Hug_25.02.2026_231903_0,6,tensor(0.0281),tensor(0.0197),tensor(0.0193),tensor(0.0061),tensor(0.0034),tensor(0.0274),tensor(0.0227),tensor(0.0208),tensor(0.0028)
1,ODE-NSP,EpidemioInformed_PredHor-1_ODE-NSP_GAT_SimpleTrain_Dataset-Hug_25.02.2026_231903_0,7,tensor(0.0268),tensor(0.0165),tensor(0.0174),tensor(0.0056),tensor(0.0056),tensor(0.0251),tensor(0.0252),tensor(0.0234),tensor(0.0033)
1,ODE-NSP,EpidemioInformed_PredHor-1_ODE-NSP_GAT_SimpleTrain_Dataset-Hug_25.02.2026_231903_0,8,tensor(0.0274),tensor(0.0208),tensor(0.0179),tensor(0.0064),tensor(0.0027),tensor(0.0258),tensor(0.0226),tensor(0.0179),tensor(0.0029)
1,ODE-NSP,EpidemioInformed_PredHor-1_ODE-NSP_GAT_SimpleTrain_Dataset-Hug_25.02.2026_231903_0,9,tensor(0.0267),tensor(0.0183),tensor(0.0218),tensor(0.0048),tensor(0.0037),tensor(0.0284),tensor(0.0245),tensor(0.0206),tensor(0.0047)
1,ODE-NSP,EpidemioInformed_PredHor-1_ODE-NSP_GraphSage_SimpleTrain_Dataset-Hug_24.02.2026_213815_0,0,tensor(0.1851),tensor(0.0917),tensor(0.0553),tensor(0.0249),tensor(0.0170),tensor(0.0547),tensor(0.0391),tensor(0.1218),tensor(0.0146)
1,ODE-NSP,EpidemioInformed_PredHor-1_ODE-NSP_GraphSage_SimpleTrain_Dataset-Hug_24.02.2026_213815_0,1,tensor(0.1835),tensor(0.0868),tensor(0.0546),tensor(0.0245),tensor(0.0174),tensor(0.0539),tensor(0.0392),tensor(0.1219),tensor(0.0145)
1,ODE-NSP,EpidemioInformed_PredHor-1_ODE-NSP_GraphSage_SimpleTrain_Dataset-Hug_24.02.2026_213815_0,2,tensor(0.1831),tensor(0.0865),tensor(0.0552),tensor(0.0245),tensor(0.0174),tensor(0.0546),tensor(0.0394),tensor(0.1219),tensor(0.0146)
1,ODE-NSP,EpidemioInformed_PredHor-1_ODE-NSP_GraphSage_SimpleTrain_Dataset-Hug_24.02.2026_213815_0,3,tensor(0.1841),tensor(0.0833),tensor(0.0540),tensor(0.0242),tensor(0.0176),tensor(0.0532),tensor(0.0391),tensor(0.1220),tensor(0.0146)
1,ODE-NSP,EpidemioInformed_PredHor-1_ODE-NSP_GraphSage_SimpleTrain_Dataset-Hug_24.02.2026_213815_0,4,tensor(0.1841),tensor(0.0863),tensor(0.0539),tensor(0.0245),tensor(0.0174),tensor(0.0531),tensor(0.0387),tensor(0.1219),tensor(0.0144)
1,ODE-NSP,EpidemioInformed_PredHor-1_ODE-NSP_GraphSage_SimpleTrain_Dataset-Hug_24.02.2026_213815_0,5,tensor(0.1834),tensor(0.0889),tensor(0.0542),tensor(0.0247),tensor(0.0172),tensor(0.0535),tensor(0.0387),tensor(0.1218),tensor(0.0144)
1,ODE-NSP,EpidemioInformed_PredHor-1_ODE-NSP_GraphSage_SimpleTrain_Dataset-Hug_24.02.2026_213815_0,6,tensor(0.1834),tensor(0.0813),tensor(0.0554),tensor(0.0241),tensor(0.0177),tensor(0.0547),tensor(0.0397),tensor(0.1220),tensor(0.0146)
1,ODE-NSP,EpidemioInformed_PredHor-1_ODE-NSP_GraphSage_SimpleTrain_Dataset-Hug_24.02.2026_213815_0,7,tensor(0.1852),tensor(0.0889),tensor(0.0554),tensor(0.0246),tensor(0.0172),tensor(0.0548),tensor(0.0389),tensor(0.1218),tensor(0.0146)
1,ODE-NSP,EpidemioInformed_PredHor-1_ODE-NSP_GraphSage_SimpleTrain_Dataset-Hug_24.02.2026_213815_0,8,tensor(0.1829),tensor(0.0875),tensor(0.0540),tensor(0.0247),tensor(0.0173),tensor(0.0532),tensor(0.0397),tensor(0.1217),tensor(0.0145)
1,ODE-NSP,EpidemioInformed_PredHor-1_ODE-NSP_GraphSage_SimpleTrain_Dataset-Hug_24.02.2026_213815_0,9,tensor(0.1849),tensor(0.0905),tensor(0.0523),tensor(0.0250),tensor(0.0171),tensor(0.0513),tensor(0.0399),tensor(0.1217),tensor(0.0144)
1,ODE-NSP,EpidemioInformed_PredHor-1_ODE-NSP_STM_SimpleTrain_Dataset-Hug_28.02.2026_180830_0,0,tensor(0.0687),tensor(0.0246),tensor(0.0518),tensor(0.0139),tensor(0.0136),tensor(0.0581),tensor(0.0431),tensor(0.0735),tensor(0.0098)
1,ODE-NSP,EpidemioInformed_PredHor-1_ODE-NSP_STM_SimpleTrain_Dataset-Hug_28.02.2026_180830_0,1,tensor(0.0700),tensor(0.0251),tensor(0.0562),tensor(0.0138),tensor(0.0146),tensor(0.0626),tensor(0.0434),tensor(0.0761),tensor(0.0106)
1,ODE-NSP,EpidemioInformed_PredHor-1_ODE-NSP_STM_SimpleTrain_Dataset-Hug_28.02.2026_180830_0,2,tensor(0.0697),tensor(0.0220),tensor(0.0551),tensor(0.0144),tensor(0.0152),tensor(0.0626),tensor(0.0472),tensor(0.0762),tensor(0.0093)
1,ODE-NSP,EpidemioInformed_PredHor-1_ODE-NSP_STM_SimpleTrain_Dataset-Hug_28.02.2026_180830_0,3,tensor(0.0707),tensor(0.0197),tensor(0.0571),tensor(0.0129),tensor(0.0179),tensor(0.0651),tensor(0.0462),tensor(0.0849),tensor(0.0091)
1,ODE-NSP,EpidemioInformed_PredHor-1_ODE-NSP_STM_SimpleTrain_Dataset-Hug_28.02.2026_180830_0,4,tensor(0.0693),tensor(0.0266),tensor(0.0542),tensor(0.0143),tensor(0.0127),tensor(0.0601),tensor(0.0429),tensor(0.0724),tensor(0.0105)
1,ODE-NSP,EpidemioInformed_PredHor-1_ODE-NSP_STM_SimpleTrain_Dataset-Hug_28.02.2026_180830_0,5,tensor(0.0709),tensor(0.0208),tensor(0.0584),tensor(0.0129),tensor(0.0173),tensor(0.0663),tensor(0.0434),tensor(0.0844),tensor(0.0095)
1,ODE-NSP,EpidemioInformed_PredHor-1_ODE-NSP_STM_SimpleTrain_Dataset-Hug_28.02.2026_180830_0,6,tensor(0.0695),tensor(0.0231),tensor(0.0551),tensor(0.0135),tensor(0.0131),tensor(0.0607),tensor(0.0421),tensor(0.0732),tensor(0.0112)
1,ODE-NSP,EpidemioInformed_PredHor-1_ODE-NSP_STM_SimpleTrain_Dataset-Hug_28.02.2026_180830_0,7,tensor(0.0724),tensor(0.0270),tensor(0.0632),tensor(0.0149),tensor(0.0127),tensor(0.0677),tensor(0.0466),tensor(0.0725),tensor(0.0124)
1,ODE-NSP,EpidemioInformed_PredHor-1_ODE-NSP_STM_SimpleTrain_Dataset-Hug_28.02.2026_180830_0,8,tensor(0.0686),tensor(0.0242),tensor(0.0524),tensor(0.0136),tensor(0.0126),tensor(0.0582),tensor(0.0401),tensor(0.0721),tensor(0.0104)
1,ODE-NSP,EpidemioInformed_PredHor-1_ODE-NSP_STM_SimpleTrain_Dataset-Hug_28.02.2026_180830_0,9,tensor(0.0708),tensor(0.0222),tensor(0.0581),tensor(0.0132),tensor(0.0141),tensor(0.0640),tensor(0.0442),tensor(0.0768),tensor(0.0109)
1,ODE-NSP,EpidemioInformed_PredHor-1_ODE-NSP_TGN_SimpleTrain_Dataset-Hug_26.02.2026_231315_0,0,tensor(0.4339),tensor(0.0871),tensor(0.0160),tensor(0.0013),tensor(0.0010),tensor(0.0135),tensor(0.0176),tensor(0.0056),tensor(0.0013)
1,ODE-NSP,EpidemioInformed_PredHor-1_ODE-NSP_TGN_SimpleTrain_Dataset-Hug_26.02.2026_231315_0,1,tensor(0.4334),tensor(0.0898),tensor(0.0158),tensor(0.0013),tensor(0.0009),tensor(0.0138),tensor(0.0179),tensor(0.0057),tensor(0.0013)
1,ODE-NSP,EpidemioInformed_PredHor-1_ODE-NSP_TGN_SimpleTrain_Dataset-Hug_26.02.2026_231315_0,2,tensor(0.4337),tensor(0.0877),tensor(0.0157),tensor(0.0012),tensor(0.0009),tensor(0.0139),tensor(0.0177),tensor(0.0056),tensor(0.0013)
1,ODE-NSP,EpidemioInformed_PredHor-1_ODE-NSP_TGN_SimpleTrain_Dataset-Hug_26.02.2026_231315_0,3,tensor(0.4338),tensor(0.0884),tensor(0.0155),tensor(0.0013),tensor(0.0010),tensor(0.0139),tensor(0.0177),tensor(0.0056),tensor(0.0013)
1,ODE-NSP,EpidemioInformed_PredHor-1_ODE-NSP_TGN_SimpleTrain_Dataset-Hug_26.02.2026_231315_0,4,tensor(0.4326),tensor(0.0898),tensor(0.0160),tensor(0.0013),tensor(0.0010),tensor(0.0138),tensor(0.0182),tensor(0.0056),tensor(0.0014)
1,ODE-NSP,EpidemioInformed_PredHor-1_ODE-NSP_TGN_SimpleTrain_Dataset-Hug_26.02.2026_231315_0,5,tensor(0.4338),tensor(0.0880),tensor(0.0155),tensor(0.0013),tensor(0.0009),tensor(0.0138),tensor(0.0174),tensor(0.0057),tensor(0.0013)
1,ODE-NSP,EpidemioInformed_PredHor-1_ODE-NSP_TGN_SimpleTrain_Dataset-Hug_26.02.2026_231315_0,6,tensor(0.4336),tensor(0.0888),tensor(0.0159),tensor(0.0013),tensor(0.0010),tensor(0.0136),tensor(0.0179),tensor(0.0056),tensor(0.0013)
1,ODE-NSP,EpidemioInformed_PredHor-1_ODE-NSP_TGN_SimpleTrain_Dataset-Hug_26.02.2026_231315_0,7,tensor(0.4336),tensor(0.0890),tensor(0.0158),tensor(0.0013),tensor(0.0010),tensor(0.0137),tensor(0.0179),tensor(0.0057),tensor(0.0014)
1,ODE-NSP,EpidemioInformed_PredHor-1_ODE-NSP_TGN_SimpleTrain_Dataset-Hug_26.02.2026_231315_0,8,tensor(0.4332),tensor(0.0889),tensor(0.0158),tensor(0.0013),tensor(0.0010),tensor(0.0136),tensor(0.0180),tensor(0.0056),tensor(0.0013)
1,ODE-NSP,EpidemioInformed_PredHor-1_ODE-NSP_TGN_SimpleTrain_Dataset-Hug_26.02.2026_231315_0,9,tensor(0.4345),tensor(0.0875),tensor(0.0155),tensor(0.0013),tensor(0.0010),tensor(0.0138),tensor(0.0175),tensor(0.0056),tensor(0.0013)
3,AutoDiff,EpidemioInformed_PredHor-3_AutoDiff_GAT_SimpleTrain_Dataset-Hug_25.02.2026_180243_0,0,tensor(0.5183),tensor(0.8251),tensor(0.1640),tensor(0.0106),tensor(0.0147),tensor(0.1641),tensor(0.6605),tensor(0.2927),tensor(0.0107)
3,AutoDiff,EpidemioInformed_PredHor-3_AutoDiff_GAT_SimpleTrain_Dataset-Hug_25.02.2026_180243_0,1,tensor(0.3943),tensor(0.4584),tensor(0.3196),tensor(0.0111),tensor(0.0095),tensor(0.3101),tensor(0.4441),tensor(0.2095),tensor(0.0112)
3,AutoDiff,EpidemioInformed_PredHor-3_AutoDiff_GAT_SimpleTrain_Dataset-Hug_25.02.2026_180243_0,2,tensor(0.3713),tensor(0.3807),tensor(0.3611),tensor(0.0132),tensor(0.0139),tensor(0.3674),tensor(0.5356),tensor(0.2064),tensor(0.0133)
3,AutoDiff,EpidemioInformed_PredHor-3_AutoDiff_GAT_SimpleTrain_Dataset-Hug_25.02.2026_180243_0,3,tensor(0.3473),tensor(0.3680),tensor(0.1982),tensor(0.0108),tensor(0.0102),tensor(0.1802),tensor(0.4032),tensor(0.1750),tensor(0.0108)
3,AutoDiff,EpidemioInformed_PredHor-3_AutoDiff_GAT_SimpleTrain_Dataset-Hug_25.02.2026_180243_0,4,tensor(0.4045),tensor(0.4672),tensor(0.3180),tensor(0.0179),tensor(0.0124),tensor(0.3112),tensor(0.4467),tensor(0.2071),tensor(0.0181)
3,AutoDiff,EpidemioInformed_PredHor-3_AutoDiff_GAT_SimpleTrain_Dataset-Hug_25.02.2026_180243_0,5,tensor(0.4066),tensor(0.4897),tensor(0.2721),tensor(0.0128),tensor(0.0125),tensor(0.3302),tensor(0.5403),tensor(0.1900),tensor(0.0129)
3,AutoDiff,EpidemioInformed_PredHor-3_AutoDiff_GAT_SimpleTrain_Dataset-Hug_25.02.2026_180243_0,6,tensor(0.4536),tensor(0.4278),tensor(0.2501),tensor(0.0147),tensor(0.0105),tensor(0.3293),tensor(0.6586),tensor(0.1880),tensor(0.0150)
3,AutoDiff,EpidemioInformed_PredHor-3_AutoDiff_GAT_SimpleTrain_Dataset-Hug_25.02.2026_180243_0,7,tensor(0.4016),tensor(0.4393),tensor(0.2723),tensor(0.0116),tensor(0.0099),tensor(0.2641),tensor(0.4874),tensor(0.1981),tensor(0.0118)
3,AutoDiff,EpidemioInformed_PredHor-3_AutoDiff_GAT_SimpleTrain_Dataset-Hug_25.02.2026_180243_0,8,tensor(0.3409),tensor(0.1465),tensor(0.1663),tensor(0.0125),tensor(0.0076),tensor(0.1109),tensor(0.4802),tensor(0.0170),tensor(0.0127)
3,AutoDiff,EpidemioInformed_PredHor-3_AutoDiff_GAT_SimpleTrain_Dataset-Hug_25.02.2026_180243_0,9,tensor(0.3112),tensor(0.2479),tensor(0.1932),tensor(0.0129),tensor(0.0199),tensor(0.2732),tensor(0.2610),tensor(0.1607),tensor(0.0132)
3,AutoDiff,EpidemioInformed_PredHor-3_AutoDiff_GraphSage_SimpleTrain_Dataset-Hug_25.02.2026_031607_0,0,tensor(0.1641),tensor(0.4708),tensor(0.0607),tensor(0.0057),tensor(0.0048),tensor(0.0565),tensor(0.3441),tensor(0.1359),tensor(0.0060)
3,AutoDiff,EpidemioInformed_PredHor-3_AutoDiff_GraphSage_SimpleTrain_Dataset-Hug_25.02.2026_031607_0,1,tensor(0.2260),tensor(0.5142),tensor(0.0427),tensor(0.0044),tensor(0.0067),tensor(0.0237),tensor(0.3508),tensor(0.1453),tensor(0.0045)
3,AutoDiff,EpidemioInformed_PredHor-3_AutoDiff_GraphSage_SimpleTrain_Dataset-Hug_25.02.2026_031607_0,2,tensor(0.2223),tensor(0.4880),tensor(0.0459),tensor(0.0060),tensor(0.0048),tensor(0.0565),tensor(0.3371),tensor(0.1390),tensor(0.0063)
3,AutoDiff,EpidemioInformed_PredHor-3_AutoDiff_GraphSage_SimpleTrain_Dataset-Hug_25.02.2026_031607_0,3,tensor(0.2084),tensor(0.5740),tensor(0.0397),tensor(0.0072),tensor(0.0054),tensor(0.0256),tensor(0.3733),tensor(0.1588),tensor(0.0072)
3,AutoDiff,EpidemioInformed_PredHor-3_AutoDiff_GraphSage_SimpleTrain_Dataset-Hug_25.02.2026_031607_0,4,tensor(0.1734),tensor(0.5119),tensor(0.0500),tensor(0.0053),tensor(0.0056),tensor(0.0468),tensor(0.3421),tensor(0.1452),tensor(0.0054)
3,AutoDiff,EpidemioInformed_PredHor-3_AutoDiff_GraphSage_SimpleTrain_Dataset-Hug_25.02.2026_031607_0,5,tensor(0.1885),tensor(0.4266),tensor(0.0425),tensor(0.0056),tensor(0.0055),tensor(0.0266),tensor(0.3153),tensor(0.1256),tensor(0.0058)
3,AutoDiff,EpidemioInformed_PredHor-3_AutoDiff_GraphSage_SimpleTrain_Dataset-Hug_25.02.2026_031607_0,6,tensor(0.1643),tensor(0.3807),tensor(0.0391),tensor(0.0061),tensor(0.0072),tensor(0.0333),tensor(0.3002),tensor(0.1169),tensor(0.0064)
3,AutoDiff,EpidemioInformed_PredHor-3_AutoDiff_GraphSage_SimpleTrain_Dataset-Hug_25.02.2026_031607_0,7,tensor(0.1621),tensor(0.5584),tensor(0.0464),tensor(0.0053),tensor(0.0047),tensor(0.0417),tensor(0.3575),tensor(0.1544),tensor(0.0056)
3,AutoDiff,EpidemioInformed_PredHor-3_AutoDiff_GraphSage_SimpleTrain_Dataset-Hug_25.02.2026_031607_0,8,tensor(0.1582),tensor(0.4835),tensor(0.0419),tensor(0.0051),tensor(0.0066),tensor(0.0412),tensor(0.3325),tensor(0.1378),tensor(0.0056)
3,AutoDiff,EpidemioInformed_PredHor-3_AutoDiff_GraphSage_SimpleTrain_Dataset-Hug_25.02.2026_031607_0,9,tensor(0.1558),tensor(0.3884),tensor(0.0384),tensor(0.0060),tensor(0.0044),tensor(0.0485),tensor(0.3031),tensor(0.1163),tensor(0.0064)
3,AutoDiff,EpidemioInformed_PredHor-3_AutoDiff_STM_SimpleTrain_Dataset-Hug_28.02.2026_074219_0,0,tensor(0.0136),tensor(0.0089),tensor(0.1752),tensor(0.1117),tensor(0.0142),tensor(0.1441),tensor(0.0060),tensor(0.0048),tensor(0.0236)
3,AutoDiff,EpidemioInformed_PredHor-3_AutoDiff_STM_SimpleTrain_Dataset-Hug_28.02.2026_074219_0,1,tensor(0.0407),tensor(0.0624),tensor(0.2202),tensor(0.0131),tensor(0.0305),tensor(0.2133),tensor(0.0415),tensor(0.0216),tensor(0.0059)
3,AutoDiff,EpidemioInformed_PredHor-3_AutoDiff_STM_SimpleTrain_Dataset-Hug_28.02.2026_074219_0,2,tensor(0.0937),tensor(0.2089),tensor(0.3503),tensor(0.1199),tensor(0.0124),tensor(0.3266),tensor(0.1554),tensor(0.0613),tensor(0.0269)
3,AutoDiff,EpidemioInformed_PredHor-3_AutoDiff_STM_SimpleTrain_Dataset-Hug_28.02.2026_074219_0,3,tensor(0.0185),tensor(0.0127),tensor(0.1924),tensor(0.2197),tensor(0.0131),tensor(0.1601),tensor(0.0079),tensor(0.0089),tensor(0.0264)
3,AutoDiff,EpidemioInformed_PredHor-3_AutoDiff_STM_SimpleTrain_Dataset-Hug_28.02.2026_074219_0,4,tensor(0.0118),tensor(0.0081),tensor(0.3216),tensor(0.0027),tensor(0.0121),tensor(0.2956),tensor(0.0046),tensor(0.0054),tensor(0.0231)
3,AutoDiff,EpidemioInformed_PredHor-3_AutoDiff_STM_SimpleTrain_Dataset-Hug_28.02.2026_074219_0,5,tensor(0.0280),tensor(0.0174),tensor(0.2877),tensor(0.0004),tensor(0.0167),tensor(0.2385),tensor(0.0123),tensor(0.0094),tensor(0.0479)
3,AutoDiff,EpidemioInformed_PredHor-3_AutoDiff_STM_SimpleTrain_Dataset-Hug_28.02.2026_074219_0,6,tensor(0.0136),tensor(0.0100),tensor(0.4721),tensor(0.0557),tensor(0.0096),tensor(0.4453),tensor(0.0063),tensor(0.0053),tensor(0.0333)
3,AutoDiff,EpidemioInformed_PredHor-3_AutoDiff_STM_SimpleTrain_Dataset-Hug_28.02.2026_074219_0,7,tensor(0.0183),tensor(0.0134),tensor(0.3233),tensor(0.0034),tensor(0.0083),tensor(0.2872),tensor(0.0096),tensor(0.0066),tensor(0.0351)
3,AutoDiff,EpidemioInformed_PredHor-3_AutoDiff_STM_SimpleTrain_Dataset-Hug_28.02.2026_074219_0,8,tensor(0.0199),tensor(0.0133),tensor(0.2586),tensor(0.1748),tensor(0.0668),tensor(0.2186),tensor(0.0085),tensor(0.0072),tensor(0.0317)
3,AutoDiff,EpidemioInformed_PredHor-3_AutoDiff_STM_SimpleTrain_Dataset-Hug_28.02.2026_074219_0,9,tensor(0.0323),tensor(0.0451),tensor(0.1619),tensor(0.0032),tensor(0.0232),tensor(0.1530),tensor(0.0350),tensor(0.0156),tensor(0.0080)
3,AutoDiff,EpidemioInformed_PredHor-3_AutoDiff_TGN_SimpleTrain_Dataset-Hug_26.02.2026_183758_0,0,tensor(0.4000),tensor(0.1209),tensor(0.0223),tensor(0.0014),tensor(0.0011),tensor(0.0129),tensor(0.0325),tensor(0.0066),tensor(0.0015)
3,AutoDiff,EpidemioInformed_PredHor-3_AutoDiff_TGN_SimpleTrain_Dataset-Hug_26.02.2026_183758_0,1,tensor(0.4157),tensor(0.1232),tensor(0.0221),tensor(0.0014),tensor(0.0012),tensor(0.0127),tensor(0.0318),tensor(0.0043),tensor(0.0014)
3,AutoDiff,EpidemioInformed_PredHor-3_AutoDiff_TGN_SimpleTrain_Dataset-Hug_26.02.2026_183758_0,2,tensor(0.4134),tensor(0.1142),tensor(0.0221),tensor(0.0014),tensor(0.0011),tensor(0.0130),tensor(0.0322),tensor(0.0064),tensor(0.0015)
3,AutoDiff,EpidemioInformed_PredHor-3_AutoDiff_TGN_SimpleTrain_Dataset-Hug_26.02.2026_183758_0,3,tensor(0.3845),tensor(0.1091),tensor(0.0223),tensor(0.0014),tensor(0.0011),tensor(0.0129),tensor(0.0337),tensor(0.0058),tensor(0.0014)
3,AutoDiff,EpidemioInformed_PredHor-3_AutoDiff_TGN_SimpleTrain_Dataset-Hug_26.02.2026_183758_0,4,tensor(0.4184),tensor(0.1418),tensor(0.0233),tensor(0.0014),tensor(0.0011),tensor(0.0123),tensor(0.0322),tensor(0.0042),tensor(0.0015)
3,AutoDiff,EpidemioInformed_PredHor-3_AutoDiff_TGN_SimpleTrain_Dataset-Hug_26.02.2026_183758_0,5,tensor(0.3987),tensor(0.1278),tensor(0.0220),tensor(0.0014),tensor(0.0011),tensor(0.0133),tensor(0.0325),tensor(0.0051),tensor(0.0015)
3,AutoDiff,EpidemioInformed_PredHor-3_AutoDiff_TGN_SimpleTrain_Dataset-Hug_26.02.2026_183758_0,6,tensor(0.4010),tensor(0.1388),tensor(0.0223),tensor(0.0014),tensor(0.0011),tensor(0.0128),tensor(0.0328),tensor(0.0046),tensor(0.0015)
3,AutoDiff,EpidemioInformed_PredHor-3_AutoDiff_TGN_SimpleTrain_Dataset-Hug_26.02.2026_183758_0,7,tensor(0.4013),tensor(0.1209),tensor(0.0220),tensor(0.0014),tensor(0.0011),tensor(0.0132),tensor(0.0327),tensor(0.0061),tensor(0.0015)
3,AutoDiff,EpidemioInformed_PredHor-3_AutoDiff_TGN_SimpleTrain_Dataset-Hug_26.02.2026_183758_0,8,tensor(0.4020),tensor(0.1132),tensor(0.0223),tensor(0.0014),tensor(0.0011),tensor(0.0127),tensor(0.0328),tensor(0.0055),tensor(0.0015)
3,AutoDiff,EpidemioInformed_PredHor-3_AutoDiff_TGN_SimpleTrain_Dataset-Hug_26.02.2026_183758_0,9,tensor(0.4165),tensor(0.1073),tensor(0.0216),tensor(0.0015),tensor(0.0011),tensor(0.0129),tensor(0.0318),tensor(0.0060),tensor(0.0015)
3,ODE-NSP,EpidemioInformed_PredHor-3_ODE-NSP_GAT_SimpleTrain_Dataset-Hug_25.02.2026_221653_0,0,tensor(0.1042),tensor(0.0848),tensor(0.0738),tensor(0.0301),tensor(0.0128),tensor(0.0788),tensor(0.0563),tensor(0.1042),tensor(0.0135)
3,ODE-NSP,EpidemioInformed_PredHor-3_ODE-NSP_GAT_SimpleTrain_Dataset-Hug_25.02.2026_221653_0,1,tensor(0.1059),tensor(0.0779),tensor(0.0704),tensor(0.0281),tensor(0.0131),tensor(0.0760),tensor(0.0516),tensor(0.0997),tensor(0.0126)
3,ODE-NSP,EpidemioInformed_PredHor-3_ODE-NSP_GAT_SimpleTrain_Dataset-Hug_25.02.2026_221653_0,2,tensor(0.1065),tensor(0.0719),tensor(0.0809),tensor(0.0302),tensor(0.0136),tensor(0.0868),tensor(0.0670),tensor(0.1011),tensor(0.0143)
3,ODE-NSP,EpidemioInformed_PredHor-3_ODE-NSP_GAT_SimpleTrain_Dataset-Hug_25.02.2026_221653_0,3,tensor(0.1078),tensor(0.0835),tensor(0.0739),tensor(0.0296),tensor(0.0130),tensor(0.0793),tensor(0.0577),tensor(0.1045),tensor(0.0134)
3,ODE-NSP,EpidemioInformed_PredHor-3_ODE-NSP_GAT_SimpleTrain_Dataset-Hug_25.02.2026_221653_0,4,tensor(0.1088),tensor(0.0816),tensor(0.0714),tensor(0.0287),tensor(0.0130),tensor(0.0771),tensor(0.0556),tensor(0.1071),tensor(0.0122)
3,ODE-NSP,EpidemioInformed_PredHor-3_ODE-NSP_GAT_SimpleTrain_Dataset-Hug_25.02.2026_221653_0,5,tensor(0.1081),tensor(0.0599),tensor(0.0925),tensor(0.0311),tensor(0.0152),tensor(0.0991),tensor(0.0715),tensor(0.1087),tensor(0.0159)
3,ODE-NSP,EpidemioInformed_PredHor-3_ODE-NSP_GAT_SimpleTrain_Dataset-Hug_25.02.2026_221653_0,6,tensor(0.1061),tensor(0.0768),tensor(0.0691),tensor(0.0277),tensor(0.0133),tensor(0.0748),tensor(0.0528),tensor(0.1029),tensor(0.0121)
3,ODE-NSP,EpidemioInformed_PredHor-3_ODE-NSP_GAT_SimpleTrain_Dataset-Hug_25.02.2026_221653_0,7,tensor(0.1069),tensor(0.0762),tensor(0.0704),tensor(0.0279),tensor(0.0133),tensor(0.0757),tensor(0.0522),tensor(0.1008),tensor(0.0129)
3,ODE-NSP,EpidemioInformed_PredHor-3_ODE-NSP_GAT_SimpleTrain_Dataset-Hug_25.02.2026_221653_0,8,tensor(0.1039),tensor(0.0779),tensor(0.0696),tensor(0.0284),tensor(0.0132),tensor(0.0748),tensor(0.0509),tensor(0.1029),tensor(0.0126)
3,ODE-NSP,EpidemioInformed_PredHor-3_ODE-NSP_GAT_SimpleTrain_Dataset-Hug_25.02.2026_221653_0,9,tensor(0.1059),tensor(0.0843),tensor(0.0733),tensor(0.0294),tensor(0.0129),tensor(0.0784),tensor(0.0572),tensor(0.1063),tensor(0.0135)
3,ODE-NSP,EpidemioInformed_PredHor-3_ODE-NSP_GraphSage_SimpleTrain_Dataset-Hug_25.02.2026_080643_0,0,tensor(0.0343),tensor(0.0325),tensor(0.0090),tensor(0.0078),tensor(0.0014),tensor(0.0173),tensor(0.0110),tensor(0.0158),tensor(0.0017)
3,ODE-NSP,EpidemioInformed_PredHor-3_ODE-NSP_GraphSage_SimpleTrain_Dataset-Hug_25.02.2026_080643_0,1,tensor(0.0340),tensor(0.0349),tensor(0.0087),tensor(0.0084),tensor(0.0012),tensor(0.0171),tensor(0.0110),tensor(0.0154),tensor(0.0015)
3,ODE-NSP,EpidemioInformed_PredHor-3_ODE-NSP_GraphSage_SimpleTrain_Dataset-Hug_25.02.2026_080643_0,2,tensor(0.0342),tensor(0.0328),tensor(0.0091),tensor(0.0078),tensor(0.0014),tensor(0.0175),tensor(0.0107),tensor(0.0162),tensor(0.0016)
3,ODE-NSP,EpidemioInformed_PredHor-3_ODE-NSP_GraphSage_SimpleTrain_Dataset-Hug_25.02.2026_080643_0,3,tensor(0.0342),tensor(0.0327),tensor(0.0094),tensor(0.0077),tensor(0.0013),tensor(0.0177),tensor(0.0108),tensor(0.0147),tensor(0.0017)
3,ODE-NSP,EpidemioInformed_PredHor-3_ODE-NSP_GraphSage_SimpleTrain_Dataset-Hug_25.02.2026_080643_0,4,tensor(0.0341),tensor(0.0337),tensor(0.0092),tensor(0.0080),tensor(0.0013),tensor(0.0174),tensor(0.0110),tensor(0.0160),tensor(0.0017)
3,ODE-NSP,EpidemioInformed_PredHor-3_ODE-NSP_GraphSage_SimpleTrain_Dataset-Hug_25.02.2026_080643_0,5,tensor(0.0341),tensor(0.0334),tensor(0.0092),tensor(0.0081),tensor(0.0013),tensor(0.0176),tensor(0.0108),tensor(0.0194),tensor(0.0015)
3,ODE-NSP,EpidemioInformed_PredHor-3_ODE-NSP_GraphSage_SimpleTrain_Dataset-Hug_25.02.2026_080643_0,6,tensor(0.0341),tensor(0.0330),tensor(0.0084),tensor(0.0079),tensor(0.0012),tensor(0.0166),tensor(0.0106),tensor(0.0104),tensor(0.0016)
3,ODE-NSP,EpidemioInformed_PredHor-3_ODE-NSP_GraphSage_SimpleTrain_Dataset-Hug_25.02.2026_080643_0,7,tensor(0.0343),tensor(0.0329),tensor(0.0089),tensor(0.0078),tensor(0.0013),tensor(0.0172),tensor(0.0108),tensor(0.0172),tensor(0.0017)
3,ODE-NSP,EpidemioInformed_PredHor-3_ODE-NSP_GraphSage_SimpleTrain_Dataset-Hug_25.02.2026_080643_0,8,tensor(0.0341),tensor(0.0347),tensor(0.0094),tensor(0.0083),tensor(0.0012),tensor(0.0177),tensor(0.0112),tensor(0.0190),tensor(0.0016)
3,ODE-NSP,EpidemioInformed_PredHor-3_ODE-NSP_GraphSage_SimpleTrain_Dataset-Hug_25.02.2026_080643_0,9,tensor(0.0343),tensor(0.0331),tensor(0.0097),tensor(0.0079),tensor(0.0013),tensor(0.0181),tensor(0.0110),tensor(0.0142),tensor(0.0017)
3,ODE-NSP,EpidemioInformed_PredHor-3_ODE-NSP_STM_SimpleTrain_Dataset-Hug_28.02.2026_172422_0,0,tensor(0.4427),tensor(0.1028),tensor(0.0179),tensor(0.0014),tensor(0.0014),tensor(0.0122),tensor(0.0215),tensor(0.0070),tensor(0.0013)
3,ODE-NSP,EpidemioInformed_PredHor-3_ODE-NSP_STM_SimpleTrain_Dataset-Hug_28.02.2026_172422_0,1,tensor(0.4422),tensor(0.1014),tensor(0.0179),tensor(0.0014),tensor(0.0014),tensor(0.0121),tensor(0.0214),tensor(0.0070),tensor(0.0013)
3,ODE-NSP,EpidemioInformed_PredHor-3_ODE-NSP_STM_SimpleTrain_Dataset-Hug_28.02.2026_172422_0,2,tensor(0.4430),tensor(0.1020),tensor(0.0179),tensor(0.0014),tensor(0.0014),tensor(0.0122),tensor(0.0214),tensor(0.0070),tensor(0.0013)
3,ODE-NSP,EpidemioInformed_PredHor-3_ODE-NSP_STM_SimpleTrain_Dataset-Hug_28.02.2026_172422_0,3,tensor(0.4446),tensor(0.1027),tensor(0.0179),tensor(0.0014),tensor(0.0014),tensor(0.0122),tensor(0.0215),tensor(0.0070),tensor(0.0013)
3,ODE-NSP,EpidemioInformed_PredHor-3_ODE-NSP_STM_SimpleTrain_Dataset-Hug_28.02.2026_172422_0,4,tensor(0.4441),tensor(0.1033),tensor(0.0179),tensor(0.0014),tensor(0.0014),tensor(0.0121),tensor(0.0216),tensor(0.0070),tensor(0.0013)
3,ODE-NSP,EpidemioInformed_PredHor-3_ODE-NSP_STM_SimpleTrain_Dataset-Hug_28.02.2026_172422_0,5,tensor(0.4456),tensor(0.1025),tensor(0.0178),tensor(0.0014),tensor(0.0014),tensor(0.0122),tensor(0.0214),tensor(0.0070),tensor(0.0013)
3,ODE-NSP,EpidemioInformed_PredHor-3_ODE-NSP_STM_SimpleTrain_Dataset-Hug_28.02.2026_172422_0,6,tensor(0.4447),tensor(0.1029),tensor(0.0178),tensor(0.0014),tensor(0.0014),tensor(0.0122),tensor(0.0216),tensor(0.0070),tensor(0.0013)
3,ODE-NSP,EpidemioInformed_PredHor-3_ODE-NSP_STM_SimpleTrain_Dataset-Hug_28.02.2026_172422_0,7,tensor(0.4434),tensor(0.1037),tensor(0.0179),tensor(0.0014),tensor(0.0014),tensor(0.0122),tensor(0.0217),tensor(0.0070),tensor(0.0013)
3,ODE-NSP,EpidemioInformed_PredHor-3_ODE-NSP_STM_SimpleTrain_Dataset-Hug_28.02.2026_172422_0,8,tensor(0.4426),tensor(0.1032),tensor(0.0179),tensor(0.0014),tensor(0.0014),tensor(0.0122),tensor(0.0215),tensor(0.0070),tensor(0.0013)
3,ODE-NSP,EpidemioInformed_PredHor-3_ODE-NSP_STM_SimpleTrain_Dataset-Hug_28.02.2026_172422_0,9,tensor(0.4464),tensor(0.1036),tensor(0.0178),tensor(0.0014),tensor(0.0014),tensor(0.0122),tensor(0.0217),tensor(0.0069),tensor(0.0013)
3,ODE-NSP,EpidemioInformed_PredHor-3_ODE-NSP_TGN_SimpleTrain_Dataset-Hug_27.02.2026_015104_0,0,tensor(0.0525),tensor(0.0671),tensor(0.0172),tensor(0.0159),tensor(0.0017),tensor(0.0255),tensor(0.0185),tensor(0.0587),tensor(0.0022)
3,ODE-NSP,EpidemioInformed_PredHor-3_ODE-NSP_TGN_SimpleTrain_Dataset-Hug_27.02.2026_015104_0,1,tensor(0.0526),tensor(0.0641),tensor(0.0175),tensor(0.0152),tensor(0.0019),tensor(0.0257),tensor(0.0174),tensor(0.0524),tensor(0.0024)
3,ODE-NSP,EpidemioInformed_PredHor-3_ODE-NSP_TGN_SimpleTrain_Dataset-Hug_27.02.2026_015104_0,2,tensor(0.0499),tensor(0.0709),tensor(0.0212),tensor(0.0162),tensor(0.0019),tensor(0.0295),tensor(0.0237),tensor(0.0527),tensor(0.0029)
3,ODE-NSP,EpidemioInformed_PredHor-3_ODE-NSP_TGN_SimpleTrain_Dataset-Hug_27.02.2026_015104_0,3,tensor(0.0527),tensor(0.0613),tensor(0.0204),tensor(0.0149),tensor(0.0019),tensor(0.0288),tensor(0.0213),tensor(0.0579),tensor(0.0026)
3,ODE-NSP,EpidemioInformed_PredHor-3_ODE-NSP_TGN_SimpleTrain_Dataset-Hug_27.02.2026_015104_0,4,tensor(0.0513),tensor(0.0779),tensor(0.0197),tensor(0.0175),tensor(0.0014),tensor(0.0278),tensor(0.0226),tensor(0.0575),tensor(0.0027)
3,ODE-NSP,EpidemioInformed_PredHor-3_ODE-NSP_TGN_SimpleTrain_Dataset-Hug_27.02.2026_015104_0,5,tensor(0.0531),tensor(0.0706),tensor(0.0198),tensor(0.0165),tensor(0.0017),tensor(0.0281),tensor(0.0219),tensor(0.0513),tensor(0.0027)
3,ODE-NSP,EpidemioInformed_PredHor-3_ODE-NSP_TGN_SimpleTrain_Dataset-Hug_27.02.2026_015104_0,6,tensor(0.0526),tensor(0.0675),tensor(0.0200),tensor(0.0163),tensor(0.0027),tensor(0.0287),tensor(0.0211),tensor(0.0553),tensor(0.0025)
3,ODE-NSP,EpidemioInformed_PredHor-3_ODE-NSP_TGN_SimpleTrain_Dataset-Hug_27.02.2026_015104_0,7,tensor(0.0558),tensor(0.0713),tensor(0.0181),tensor(0.0164),tensor(0.0018),tensor(0.0264),tensor(0.0209),tensor(0.0528),tensor(0.0023)
3,ODE-NSP,EpidemioInformed_PredHor-3_ODE-NSP_TGN_SimpleTrain_Dataset-Hug_27.02.2026_015104_0,8,tensor(0.0514),tensor(0.0739),tensor(0.0208),tensor(0.0165),tensor(0.0011),tensor(0.0287),tensor(0.0226),tensor(0.0512),tensor(0.0029)
3,ODE-NSP,EpidemioInformed_PredHor-3_ODE-NSP_TGN_SimpleTrain_Dataset-Hug_27.02.2026_015104_0,9,tensor(0.0515),tensor(0.0676),tensor(0.0195),tensor(0.0160),tensor(0.0019),tensor(0.0278),tensor(0.0215),tensor(0.0647),tensor(0.0025)
7,AutoDiff,EpidemioInformed_PredHor-7_AutoDiff_GAT_SimpleTrain_Dataset-Hug_24.02.2026_172832_0,0,tensor(0.4514),tensor(0.1359),tensor(0.0213),tensor(0.0014),tensor(0.0014),tensor(0.0114),tensor(0.0280),tensor(0.0070),tensor(0.0014)
7,AutoDiff,EpidemioInformed_PredHor-7_AutoDiff_GAT_SimpleTrain_Dataset-Hug_24.02.2026_172832_0,1,tensor(0.4550),tensor(0.1360),tensor(0.0211),tensor(0.0014),tensor(0.0014),tensor(0.0115),tensor(0.0280),tensor(0.0070),tensor(0.0014)
7,AutoDiff,EpidemioInformed_PredHor-7_AutoDiff_GAT_SimpleTrain_Dataset-Hug_24.02.2026_172832_0,2,tensor(0.4681),tensor(0.1362),tensor(0.0213),tensor(0.0014),tensor(0.0014),tensor(0.0115),tensor(0.0280),tensor(0.0070),tensor(0.0014)
7,AutoDiff,EpidemioInformed_PredHor-7_AutoDiff_GAT_SimpleTrain_Dataset-Hug_24.02.2026_172832_0,3,tensor(0.4578),tensor(0.1360),tensor(0.0215),tensor(0.0014),tensor(0.0014),tensor(0.0111),tensor(0.0280),tensor(0.0070),tensor(0.0014)
7,AutoDiff,EpidemioInformed_PredHor-7_AutoDiff_GAT_SimpleTrain_Dataset-Hug_24.02.2026_172832_0,4,tensor(0.4493),tensor(0.1361),tensor(0.0213),tensor(0.0014),tensor(0.0014),tensor(0.0114),tensor(0.0280),tensor(0.0070),tensor(0.0014)
7,AutoDiff,EpidemioInformed_PredHor-7_AutoDiff_GAT_SimpleTrain_Dataset-Hug_24.02.2026_172832_0,5,tensor(0.4500),tensor(0.1360),tensor(0.0215),tensor(0.0014),tensor(0.0014),tensor(0.0114),tensor(0.0280),tensor(0.0070),tensor(0.0014)
7,AutoDiff,EpidemioInformed_PredHor-7_AutoDiff_GAT_SimpleTrain_Dataset-Hug_24.02.2026_172832_0,6,tensor(0.4645),tensor(0.1362),tensor(0.0214),tensor(0.0014),tensor(0.0014),tensor(0.0114),tensor(0.0280),tensor(0.0070),tensor(0.0014)
7,AutoDiff,EpidemioInformed_PredHor-7_AutoDiff_GAT_SimpleTrain_Dataset-Hug_24.02.2026_172832_0,7,tensor(0.4651),tensor(0.1271),tensor(0.0216),tensor(0.0014),tensor(0.0014),tensor(0.0113),tensor(0.0280),tensor(0.0070),tensor(0.0014)
7,AutoDiff,EpidemioInformed_PredHor-7_AutoDiff_GAT_SimpleTrain_Dataset-Hug_24.02.2026_172832_0,8,tensor(0.4572),tensor(0.1361),tensor(0.0211),tensor(0.0014),tensor(0.0014),tensor(0.0114),tensor(0.0280),tensor(0.0070),tensor(0.0014)
7,AutoDiff,EpidemioInformed_PredHor-7_AutoDiff_GAT_SimpleTrain_Dataset-Hug_24.02.2026_172832_0,9,tensor(0.4544),tensor(0.1322),tensor(0.0213),tensor(0.0014),tensor(0.0014),tensor(0.0116),tensor(0.0280),tensor(0.0070),tensor(0.0014)
7,AutoDiff,EpidemioInformed_PredHor-7_AutoDiff_GraphSage_SimpleTrain_Dataset-Hug_25.02.2026_070453_0,0,tensor(0.2059),tensor(0.3110),tensor(0.0284),tensor(0.0123),tensor(0.0056),tensor(0.0252),tensor(0.5728),tensor(0.0298),tensor(0.0058)
7,AutoDiff,EpidemioInformed_PredHor-7_AutoDiff_GraphSage_SimpleTrain_Dataset-Hug_25.02.2026_070453_0,1,tensor(0.0813),tensor(0.7000),tensor(0.0347),tensor(0.0174),tensor(0.0053),tensor(0.0253),tensor(0.4597),tensor(0.0804),tensor(0.0030)
7,AutoDiff,EpidemioInformed_PredHor-7_AutoDiff_GraphSage_SimpleTrain_Dataset-Hug_25.02.2026_070453_0,2,tensor(0.0704),tensor(0.3450),tensor(0.0329),tensor(0.0139),tensor(0.0048),tensor(0.0337),tensor(0.2455),tensor(0.0407),tensor(0.0101)
7,AutoDiff,EpidemioInformed_PredHor-7_AutoDiff_GraphSage_SimpleTrain_Dataset-Hug_25.02.2026_070453_0,3,tensor(0.0453),tensor(0.5989),tensor(0.0346),tensor(0.0159),tensor(0.0062),tensor(0.0289),tensor(0.4763),tensor(0.0575),tensor(0.0042)
7,AutoDiff,EpidemioInformed_PredHor-7_AutoDiff_GraphSage_SimpleTrain_Dataset-Hug_25.02.2026_070453_0,4,tensor(0.0626),tensor(0.3966),tensor(0.0356),tensor(0.0111),tensor(0.0056),tensor(0.0305),tensor(0.3111),tensor(0.0512),tensor(0.0072)
7,AutoDiff,EpidemioInformed_PredHor-7_AutoDiff_GraphSage_SimpleTrain_Dataset-Hug_25.02.2026_070453_0,5,tensor(0.2463),tensor(0.3104),tensor(0.0264),tensor(0.0147),tensor(0.0054),tensor(0.0221),tensor(0.3030),tensor(0.0303),tensor(0.0033)
7,AutoDiff,EpidemioInformed_PredHor-7_AutoDiff_GraphSage_SimpleTrain_Dataset-Hug_25.02.2026_070453_0,6,tensor(0.1133),tensor(0.5636),tensor(0.0343),tensor(0.0144),tensor(0.0055),tensor(0.0317),tensor(0.4499),tensor(0.0708),tensor(0.0054)
7,AutoDiff,EpidemioInformed_PredHor-7_AutoDiff_GraphSage_SimpleTrain_Dataset-Hug_25.02.2026_070453_0,7,tensor(0.0215),tensor(0.2468),tensor(0.0280),tensor(0.0126),tensor(0.0044),tensor(0.0210),tensor(0.4432),tensor(0.0376),tensor(0.0039)
7,AutoDiff,EpidemioInformed_PredHor-7_AutoDiff_GraphSage_SimpleTrain_Dataset-Hug_25.02.2026_070453_0,8,tensor(0.0790),tensor(0.8498),tensor(0.0416),tensor(0.0113),tensor(0.0059),tensor(0.0334),tensor(0.5479),tensor(0.1007),tensor(0.0097)
7,AutoDiff,EpidemioInformed_PredHor-7_AutoDiff_GraphSage_SimpleTrain_Dataset-Hug_25.02.2026_070453_0,9,tensor(0.0305),tensor(0.7345),tensor(0.0342),tensor(0.0129),tensor(0.0059),tensor(0.0244),tensor(0.5710),tensor(0.0801),tensor(0.0045)
7,AutoDiff,EpidemioInformed_PredHor-7_AutoDiff_STM_SimpleTrain_Dataset-Hug_26.02.2026_115641_0,0,tensor(0.1166),tensor(0.5896),tensor(0.1908),tensor(0.0097),tensor(0.0414),tensor(0.1829),tensor(0.5584),tensor(0.6290),tensor(0.0103)
7,AutoDiff,EpidemioInformed_PredHor-7_AutoDiff_STM_SimpleTrain_Dataset-Hug_26.02.2026_115641_0,1,tensor(0.0786),tensor(0.6231),tensor(0.1310),tensor(0.0083),tensor(0.0421),tensor(0.1190),tensor(0.5909),tensor(0.6322),tensor(0.0087)
7,AutoDiff,EpidemioInformed_PredHor-7_AutoDiff_STM_SimpleTrain_Dataset-Hug_26.02.2026_115641_0,2,tensor(0.0885),tensor(0.6136),tensor(0.1273),tensor(0.0155),tensor(0.0428),tensor(0.1117),tensor(0.5755),tensor(0.6319),tensor(0.0159)
7,AutoDiff,EpidemioInformed_PredHor-7_AutoDiff_STM_SimpleTrain_Dataset-Hug_26.02.2026_115641_0,3,tensor(0.0909),tensor(0.5610),tensor(0.1362),tensor(0.0121),tensor(0.0405),tensor(0.1226),tensor(0.5388),tensor(0.6259),tensor(0.0122)
7,AutoDiff,EpidemioInformed_PredHor-7_AutoDiff_STM_SimpleTrain_Dataset-Hug_26.02.2026_115641_0,4,tensor(0.0810),tensor(0.5799),tensor(0.2450),tensor(0.0209),tensor(0.0440),tensor(0.0820),tensor(0.5439),tensor(0.6289),tensor(0.0215)
7,AutoDiff,EpidemioInformed_PredHor-7_AutoDiff_STM_SimpleTrain_Dataset-Hug_26.02.2026_115641_0,5,tensor(0.1023),tensor(0.6118),tensor(0.1824),tensor(0.0099),tensor(0.0435),tensor(0.1686),tensor(0.5841),tensor(0.6312),tensor(0.0104)
7,AutoDiff,EpidemioInformed_PredHor-7_AutoDiff_STM_SimpleTrain_Dataset-Hug_26.02.2026_115641_0,6,tensor(0.0729),tensor(0.5922),tensor(0.1193),tensor(0.0120),tensor(0.0418),tensor(0.0873),tensor(0.5257),tensor(0.6301),tensor(0.0126)
7,AutoDiff,EpidemioInformed_PredHor-7_AutoDiff_STM_SimpleTrain_Dataset-Hug_26.02.2026_115641_0,7,tensor(0.0575),tensor(0.5474),tensor(0.0504),tensor(0.0122),tensor(0.0510),tensor(0.0566),tensor(0.5119),tensor(0.6249),tensor(0.0105)
7,AutoDiff,EpidemioInformed_PredHor-7_AutoDiff_STM_SimpleTrain_Dataset-Hug_26.02.2026_115641_0,8,tensor(0.0728),tensor(0.6238),tensor(0.0661),tensor(0.0113),tensor(0.0454),tensor(0.0856),tensor(0.5931),tensor(0.6323),tensor(0.0102)
7,AutoDiff,EpidemioInformed_PredHor-7_AutoDiff_STM_SimpleTrain_Dataset-Hug_26.02.2026_115641_0,9,tensor(0.1038),tensor(0.5440),tensor(0.1780),tensor(0.0114),tensor(0.0463),tensor(0.1622),tensor(0.5085),tensor(0.6244),tensor(0.0119)
7,AutoDiff,EpidemioInformed_PredHor-7_AutoDiff_TGN_SimpleTrain_Dataset-Hug_25.02.2026_093053_0,0,tensor(0.0386),tensor(0.8302),tensor(0.1751),tensor(0.0268),tensor(0.0856),tensor(0.1487),tensor(0.6663),tensor(0.3887),tensor(0.0261)
7,AutoDiff,EpidemioInformed_PredHor-7_AutoDiff_TGN_SimpleTrain_Dataset-Hug_25.02.2026_093053_0,1,tensor(0.0061),tensor(0.0244),tensor(0.7206),tensor(0.0847),tensor(0.0172),tensor(0.0173),tensor(0.6518),tensor(0.7894),tensor(0.0062)
7,AutoDiff,EpidemioInformed_PredHor-7_AutoDiff_TGN_SimpleTrain_Dataset-Hug_25.02.2026_093053_0,2,tensor(0.1908),tensor(0.3733),tensor(1.0631),tensor(0.0068),tensor(0.0538),tensor(0.8587),tensor(0.3552),tensor(0.2136),tensor(0.2000)
7,AutoDiff,EpidemioInformed_PredHor-7_AutoDiff_TGN_SimpleTrain_Dataset-Hug_25.02.2026_093053_0,3,tensor(0.0590),tensor(0.8045),tensor(0.2190),tensor(0.0138),tensor(0.0413),tensor(0.1898),tensor(0.6280),tensor(0.3446),tensor(0.0819)
7,AutoDiff,EpidemioInformed_PredHor-7_AutoDiff_TGN_SimpleTrain_Dataset-Hug_25.02.2026_093053_0,4,tensor(0.5919),tensor(0.6704),tensor(0.0063),tensor(0.0046),tensor(0.0345),tensor(5.2541),tensor(0.5980),tensor(0.4726),tensor(0.8039)
7,AutoDiff,EpidemioInformed_PredHor-7_AutoDiff_TGN_SimpleTrain_Dataset-Hug_25.02.2026_093053_0,5,tensor(0.0398),tensor(0.0289),tensor(0.1999),tensor(0.0111),tensor(0.0133),tensor(0.1752),tensor(0.0990),tensor(1.2215),tensor(0.0241)
7,AutoDiff,EpidemioInformed_PredHor-7_AutoDiff_TGN_SimpleTrain_Dataset-Hug_25.02.2026_093053_0,6,tensor(0.0365),tensor(0.0829),tensor(0.2903),tensor(0.0081),tensor(0.4238),tensor(0.1306),tensor(0.1732),tensor(1.3712),tensor(0.0465)
7,AutoDiff,EpidemioInformed_PredHor-7_AutoDiff_TGN_SimpleTrain_Dataset-Hug_25.02.2026_093053_0,7,tensor(0.9006),tensor(0.9627),tensor(0.0017),tensor(0.0034),tensor(0.0326),tensor(8.0596),tensor(0.8072),tensor(0.4084),tensor(6.5884)
7,AutoDiff,EpidemioInformed_PredHor-7_AutoDiff_TGN_SimpleTrain_Dataset-Hug_25.02.2026_093053_0,8,tensor(0.0745),tensor(0.8068),tensor(0.3543),tensor(0.0204),tensor(0.0385),tensor(0.2835),tensor(0.6384),tensor(0.4536),tensor(0.0683)
7,AutoDiff,EpidemioInformed_PredHor-7_AutoDiff_TGN_SimpleTrain_Dataset-Hug_25.02.2026_093053_0,9,tensor(0.1526),tensor(0.7191),tensor(0.7716),tensor(0.0050),tensor(0.0268),tensor(0.5321),tensor(0.5647),tensor(0.3240),tensor(0.2377)
7,ODE-NSP,EpidemioInformed_PredHor-7_ODE-NSP_GAT_SimpleTrain_Dataset-Hug_24.02.2026_224322_0,0,tensor(0.0553),tensor(0.0345),tensor(0.0721),tensor(0.0240),tensor(0.0089),tensor(0.0771),tensor(0.0616),tensor(0.0575),tensor(0.0179)
7,ODE-NSP,EpidemioInformed_PredHor-7_ODE-NSP_GAT_SimpleTrain_Dataset-Hug_24.02.2026_224322_0,1,tensor(0.0571),tensor(0.0348),tensor(0.0760),tensor(0.0230),tensor(0.0115),tensor(0.0819),tensor(0.0645),tensor(0.0660),tensor(0.0178)
7,ODE-NSP,EpidemioInformed_PredHor-7_ODE-NSP_GAT_SimpleTrain_Dataset-Hug_24.02.2026_224322_0,2,tensor(0.0555),tensor(0.0344),tensor(0.0721),tensor(0.0226),tensor(0.0100),tensor(0.0779),tensor(0.0619),tensor(0.0634),tensor(0.0173)
7,ODE-NSP,EpidemioInformed_PredHor-7_ODE-NSP_GAT_SimpleTrain_Dataset-Hug_24.02.2026_224322_0,3,tensor(0.0568),tensor(0.0328),tensor(0.0758),tensor(0.0239),tensor(0.0120),tensor(0.0820),tensor(0.0644),tensor(0.0624),tensor(0.0179)
7,ODE-NSP,EpidemioInformed_PredHor-7_ODE-NSP_GAT_SimpleTrain_Dataset-Hug_24.02.2026_224322_0,4,tensor(0.0530),tensor(0.0400),tensor(0.0679),tensor(0.0241),tensor(0.0082),tensor(0.0737),tensor(0.0580),tensor(0.0493),tensor(0.0171)
7,ODE-NSP,EpidemioInformed_PredHor-7_ODE-NSP_GAT_SimpleTrain_Dataset-Hug_24.02.2026_224322_0,5,tensor(0.0561),tensor(0.0352),tensor(0.0732),tensor(0.0250),tensor(0.0091),tensor(0.0779),tensor(0.0638),tensor(0.0614),tensor(0.0191)
7,ODE-NSP,EpidemioInformed_PredHor-7_ODE-NSP_GAT_SimpleTrain_Dataset-Hug_24.02.2026_224322_0,6,tensor(0.0556),tensor(0.0297),tensor(0.0739),tensor(0.0253),tensor(0.0101),tensor(0.0791),tensor(0.0690),tensor(0.0625),tensor(0.0186)
7,ODE-NSP,EpidemioInformed_PredHor-7_ODE-NSP_GAT_SimpleTrain_Dataset-Hug_24.02.2026_224322_0,7,tensor(0.0538),tensor(0.0355),tensor(0.0697),tensor(0.0237),tensor(0.0088),tensor(0.0748),tensor(0.0618),tensor(0.0551),tensor(0.0176)
7,ODE-NSP,EpidemioInformed_PredHor-7_ODE-NSP_GAT_SimpleTrain_Dataset-Hug_24.02.2026_224322_0,8,tensor(0.0550),tensor(0.0388),tensor(0.0716),tensor(0.0228),tensor(0.0085),tensor(0.0750),tensor(0.0606),tensor(0.0577),tensor(0.0194)
7,ODE-NSP,EpidemioInformed_PredHor-7_ODE-NSP_GAT_SimpleTrain_Dataset-Hug_24.02.2026_224322_0,9,tensor(0.0564),tensor(0.0331),tensor(0.0745),tensor(0.0248),tensor(0.0092),tensor(0.0781),tensor(0.0653),tensor(0.0593),tensor(0.0200)
7,ODE-NSP,EpidemioInformed_PredHor-7_ODE-NSP_GraphSage_SimpleTrain_Dataset-Hug_25.02.2026_115520_0,0,tensor(0.3221),tensor(0.0867),tensor(0.0148),tensor(0.0024),tensor(0.0017),tensor(0.0161),tensor(0.0180),tensor(0.0090),tensor(0.0019)
7,ODE-NSP,EpidemioInformed_PredHor-7_ODE-NSP_GraphSage_SimpleTrain_Dataset-Hug_25.02.2026_115520_0,1,tensor(0.3153),tensor(0.0838),tensor(0.0147),tensor(0.0024),tensor(0.0018),tensor(0.0165),tensor(0.0175),tensor(0.0097),tensor(0.0020)
7,ODE-NSP,EpidemioInformed_PredHor-7_ODE-NSP_GraphSage_SimpleTrain_Dataset-Hug_25.02.2026_115520_0,2,tensor(0.3192),tensor(0.0873),tensor(0.0149),tensor(0.0023),tensor(0.0017),tensor(0.0160),tensor(0.0181),tensor(0.0093),tensor(0.0018)
7,ODE-NSP,EpidemioInformed_PredHor-7_ODE-NSP_GraphSage_SimpleTrain_Dataset-Hug_25.02.2026_115520_0,3,tensor(0.3181),tensor(0.0814),tensor(0.0150),tensor(0.0023),tensor(0.0018),tensor(0.0158),tensor(0.0174),tensor(0.0086),tensor(0.0018)
7,ODE-NSP,EpidemioInformed_PredHor-7_ODE-NSP_GraphSage_SimpleTrain_Dataset-Hug_25.02.2026_115520_0,4,tensor(0.3212),tensor(0.0848),tensor(0.0149),tensor(0.0024),tensor(0.0017),tensor(0.0159),tensor(0.0177),tensor(0.0085),tensor(0.0019)
7,ODE-NSP,EpidemioInformed_PredHor-7_ODE-NSP_GraphSage_SimpleTrain_Dataset-Hug_25.02.2026_115520_0,5,tensor(0.3205),tensor(0.0828),tensor(0.0148),tensor(0.0024),tensor(0.0018),tensor(0.0162),tensor(0.0174),tensor(0.0084),tensor(0.0019)
7,ODE-NSP,EpidemioInformed_PredHor-7_ODE-NSP_GraphSage_SimpleTrain_Dataset-Hug_25.02.2026_115520_0,6,tensor(0.3176),tensor(0.0838),tensor(0.0146),tensor(0.0024),tensor(0.0018),tensor(0.0166),tensor(0.0175),tensor(0.0101),tensor(0.0020)
7,ODE-NSP,EpidemioInformed_PredHor-7_ODE-NSP_GraphSage_SimpleTrain_Dataset-Hug_25.02.2026_115520_0,7,tensor(0.3170),tensor(0.0852),tensor(0.0148),tensor(0.0024),tensor(0.0017),tensor(0.0163),tensor(0.0177),tensor(0.0089),tensor(0.0019)
7,ODE-NSP,EpidemioInformed_PredHor-7_ODE-NSP_GraphSage_SimpleTrain_Dataset-Hug_25.02.2026_115520_0,8,tensor(0.3186),tensor(0.0841),tensor(0.0148),tensor(0.0024),tensor(0.0018),tensor(0.0162),tensor(0.0178),tensor(0.0087),tensor(0.0019)
7,ODE-NSP,EpidemioInformed_PredHor-7_ODE-NSP_GraphSage_SimpleTrain_Dataset-Hug_25.02.2026_115520_0,9,tensor(0.3147),tensor(0.0838),tensor(0.0147),tensor(0.0024),tensor(0.0018),tensor(0.0165),tensor(0.0175),tensor(0.0091),tensor(0.0020)
7,ODE-NSP,EpidemioInformed_PredHor-7_ODE-NSP_STM_SimpleTrain_Dataset-Hug_26.02.2026_234105_0,0,tensor(0.0401),tensor(0.0280),tensor(0.0386),tensor(0.0113),tensor(0.0088),tensor(0.0379),tensor(0.0337),tensor(0.0432),tensor(0.0187)
7,ODE-NSP,EpidemioInformed_PredHor-7_ODE-NSP_STM_SimpleTrain_Dataset-Hug_26.02.2026_234105_0,1,tensor(0.0419),tensor(0.0276),tensor(0.0441),tensor(0.0105),tensor(0.0098),tensor(0.0440),tensor(0.0363),tensor(0.0423),tensor(0.0184)
7,ODE-NSP,EpidemioInformed_PredHor-7_ODE-NSP_STM_SimpleTrain_Dataset-Hug_26.02.2026_234105_0,2,tensor(0.0411),tensor(0.0306),tensor(0.0423),tensor(0.0102),tensor(0.0084),tensor(0.0425),tensor(0.0330),tensor(0.0396),tensor(0.0177)
7,ODE-NSP,EpidemioInformed_PredHor-7_ODE-NSP_STM_SimpleTrain_Dataset-Hug_26.02.2026_234105_0,3,tensor(0.0402),tensor(0.0309),tensor(0.0388),tensor(0.0079),tensor(0.0085),tensor(0.0367),tensor(0.0310),tensor(0.0385),tensor(0.0194)
7,ODE-NSP,EpidemioInformed_PredHor-7_ODE-NSP_STM_SimpleTrain_Dataset-Hug_26.02.2026_234105_0,4,tensor(0.0397),tensor(0.0284),tensor(0.0403),tensor(0.0115),tensor(0.0087),tensor(0.0408),tensor(0.0333),tensor(0.0445),tensor(0.0175)
7,ODE-NSP,EpidemioInformed_PredHor-7_ODE-NSP_STM_SimpleTrain_Dataset-Hug_26.02.2026_234105_0,5,tensor(0.0396),tensor(0.0301),tensor(0.0397),tensor(0.0168),tensor(0.0087),tensor(0.0489),tensor(0.0412),tensor(0.0432),tensor(0.0094)
7,ODE-NSP,EpidemioInformed_PredHor-7_ODE-NSP_STM_SimpleTrain_Dataset-Hug_26.02.2026_234105_0,6,tensor(0.0391),tensor(0.0271),tensor(0.0379),tensor(0.0127),tensor(0.0087),tensor(0.0394),tensor(0.0355),tensor(0.0436),tensor(0.0166)
7,ODE-NSP,EpidemioInformed_PredHor-7_ODE-NSP_STM_SimpleTrain_Dataset-Hug_26.02.2026_234105_0,7,tensor(0.0410),tensor(0.0278),tensor(0.0394),tensor(0.0168),tensor(0.0085),tensor(0.0472),tensor(0.0403),tensor(0.0397),tensor(0.0103)
7,ODE-NSP,EpidemioInformed_PredHor-7_ODE-NSP_STM_SimpleTrain_Dataset-Hug_26.02.2026_234105_0,8,tensor(0.0417),tensor(0.0270),tensor(0.0450),tensor(0.0158),tensor(0.0088),tensor(0.0508),tensor(0.0406),tensor(0.0457),tensor(0.0130)
7,ODE-NSP,EpidemioInformed_PredHor-7_ODE-NSP_STM_SimpleTrain_Dataset-Hug_26.02.2026_234105_0,9,tensor(0.0419),tensor(0.0267),tensor(0.0431),tensor(0.0102),tensor(0.0088),tensor(0.0443),tensor(0.0336),tensor(0.0430),tensor(0.0168)
7,ODE-NSP,EpidemioInformed_PredHor-7_ODE-NSP_TGN_SimpleTrain_Dataset-Hug_25.02.2026_172139_0,0,tensor(0.0466),tensor(0.0706),tensor(0.0286),tensor(0.0171),tensor(0.0021),tensor(0.0385),tensor(0.0303),tensor(0.0339),tensor(0.0049)
7,ODE-NSP,EpidemioInformed_PredHor-7_ODE-NSP_TGN_SimpleTrain_Dataset-Hug_25.02.2026_172139_0,1,tensor(0.0453),tensor(0.0750),tensor(0.0303),tensor(0.0181),tensor(0.0023),tensor(0.0401),tensor(0.0348),tensor(0.0457),tensor(0.0054)
7,ODE-NSP,EpidemioInformed_PredHor-7_ODE-NSP_TGN_SimpleTrain_Dataset-Hug_25.02.2026_172139_0,2,tensor(0.0449),tensor(0.0723),tensor(0.0277),tensor(0.0171),tensor(0.0022),tensor(0.0373),tensor(0.0299),tensor(0.0357),tensor(0.0051)
7,ODE-NSP,EpidemioInformed_PredHor-7_ODE-NSP_TGN_SimpleTrain_Dataset-Hug_25.02.2026_172139_0,3,tensor(0.0444),tensor(0.0737),tensor(0.0317),tensor(0.0175),tensor(0.0027),tensor(0.0410),tensor(0.0312),tensor(0.0394),tensor(0.0064)
7,ODE-NSP,EpidemioInformed_PredHor-7_ODE-NSP_TGN_SimpleTrain_Dataset-Hug_25.02.2026_172139_0,4,tensor(0.0457),tensor(0.0731),tensor(0.0254),tensor(0.0175),tensor(0.0020),tensor(0.0351),tensor(0.0275),tensor(0.0328),tensor(0.0044)
7,ODE-NSP,EpidemioInformed_PredHor-7_ODE-NSP_TGN_SimpleTrain_Dataset-Hug_25.02.2026_172139_0,5,tensor(0.0478),tensor(0.0759),tensor(0.0276),tensor(0.0184),tensor(0.0021),tensor(0.0375),tensor(0.0295),tensor(0.0388),tensor(0.0047)
7,ODE-NSP,EpidemioInformed_PredHor-7_ODE-NSP_TGN_SimpleTrain_Dataset-Hug_25.02.2026_172139_0,6,tensor(0.0452),tensor(0.0748),tensor(0.0287),tensor(0.0182),tensor(0.0024),tensor(0.0387),tensor(0.0295),tensor(0.0385),tensor(0.0050)
7,ODE-NSP,EpidemioInformed_PredHor-7_ODE-NSP_TGN_SimpleTrain_Dataset-Hug_25.02.2026_172139_0,7,tensor(0.0445),tensor(0.0737),tensor(0.0280),tensor(0.0175),tensor(0.0021),tensor(0.0378),tensor(0.0302),tensor(0.0370),tensor(0.0050)
7,ODE-NSP,EpidemioInformed_PredHor-7_ODE-NSP_TGN_SimpleTrain_Dataset-Hug_25.02.2026_172139_0,8,tensor(0.0448),tensor(0.0767),tensor(0.0275),tensor(0.0184),tensor(0.0019),tensor(0.0370),tensor(0.0302),tensor(0.0414),tensor(0.0049)
7,ODE-NSP,EpidemioInformed_PredHor-7_ODE-NSP_TGN_SimpleTrain_Dataset-Hug_25.02.2026_172139_0,9,tensor(0.0490),tensor(0.0764),tensor(0.0301),tensor(0.0185),tensor(0.0023),tensor(0.0396),tensor(0.0301),tensor(0.0418),tensor(0.0055)
